transaction_id,product_id,amount,quantity,timestamp,region
TX100000,7,139.02,3,2024-03-28,West
TX100001,15,323.78,7,2024-05-14,East
TX100002,11,207.32,8,2024-03-26,West
TX100003,8,17.57,6,2024-01-11,East
TX100004,7,82.3,5,2024-06-21,South
TX100005,19,359.41,1,2024-06-18,North
TX100006,11,331.17,8,2024-05-21,North
TX100007,11,18.41,3,2024-06-27,East
TX100008,4,114.88,6,2024-04-08,South
TX100009,8,119.38,3,2024-06-22,East
TX100010,3,337.59,7,2024-01-14,South
TX100011,2,14.76,7,2024-03-06,West
TX100012,12,56.53,9,2024-02-10,South
TX100013,6,400.96,5,2024-02-05,South
TX100014,2,93.38,8,2024-01-26,South
TX100015,1,328.11,8,2024-04-22,North
TX100016,12,122.9,1,2024-05-20,South
TX100017,12,54.22,5,2024-04-14,West
TX100018,17,125.37,3,2024-01-27,West
TX100019,10,362.52,1,2024-05-26,West
TX100020,16,428.57,4,2024-04-24,South
TX100021,15,415.96,8,2024-03-10,East
TX100022,15,201.61,3,2024-05-01,East
TX100023,19,335.7,2,2024-02-16,West
TX100024,12,106.47,9,2024-03-03,North
TX100025,3,150.11,5,2024-06-14,East
TX100026,5,448.69,7,2024-02-22,South
TX100027,19,11.44,2,2024-03-25,East
TX100028,7,47.33,9,2024-06-09,West
TX100029,9,107.9,9,2024-05-07,North
TX100030,7,18.13,4,2024-01-12,East
TX100031,18,94.81,4,2024-01-27,East
TX100032,4,293.61,6,2024-01-02,West
TX100033,14,213.61,6,2024-04-23,North
TX100034,18,446.87,1,2024-03-21,North
TX100035,9,409.63,9,2024-01-25,West
TX100036,2,174.2,2,2024-06-21,South
TX100037,15,133.41,5,2024-04-05,East
TX100038,7,192.95,9,2024-02-13,South
TX100039,12,297.2,4,2024-03-31,East
TX100040,8,137.69,3,2024-05-02,East
TX100041,15,313.95,7,2024-01-14,South
TX100042,3,207.66,6,2024-02-19,West
TX100043,14,278.26,8,2024-05-25,West
TX100044,17,220.88,3,2024-03-23,East
TX100045,4,150.76,5,2024-04-08,West
TX100046,18,474.48,4,2024-03-18,East
TX100047,8,382.98,4,2024-01-08,West
TX100048,4,74.36,4,2024-01-30,East
TX100049,2,434.89,8,2024-03-21,West
TX100050,6,246.28,6,2024-02-07,North
TX100051,10,447.8,3,2024-01-09,South
TX100052,4,400.93,5,2024-05-31,North
TX100053,18,215.48,6,2024-06-25,South
TX100054,12,16.12,5,2024-05-22,South
TX100055,2,138.0,6,2024-06-02,East
TX100056,10,273.11,8,2024-02-13,South
TX100057,4,318.57,7,2024-06-21,North
TX100058,14,132.65,5,2024-02-05,North
TX100059,16,73.98,6,2024-06-20,West
TX100060,15,418.29,4,2024-06-28,North
TX100061,8,492.28,9,2024-05-08,West
TX100062,14,265.22,4,2024-06-25,South
TX100063,8,89.98,1,2024-04-12,North
TX100064,16,139.79,7,2024-02-16,South
TX100065,13,14.1,7,2024-03-19,North
TX100066,18,457.58,4,2024-04-16,North
TX100067,15,63.29,3,2024-01-14,West
TX100068,13,290.38,8,2024-04-22,South
TX100069,9,140.66,5,2024-06-25,North
TX100070,15,279.32,7,2024-02-04,East
TX100071,13,327.45,4,2024-05-22,South
TX100072,1,415.72,4,2024-06-12,South
TX100073,7,107.18,8,2024-06-18,South
TX100074,9,10.44,8,2024-06-21,West
TX100075,1,72.76,2,2024-04-03,East
TX100076,12,450.51,2,2024-06-24,South
TX100077,8,437.58,3,2024-05-16,North
TX100078,11,300.72,3,2024-01-30,North
TX100079,19,302.26,1,2024-03-26,West
TX100080,17,334.19,3,2024-05-09,North
TX100081,8,91.81,6,2024-02-14,South
TX100082,3,457.63,8,2024-04-25,North
TX100083,3,212.29,6,2024-04-29,South
TX100084,1,194.65,5,2024-01-30,North
TX100085,5,261.86,4,2024-04-11,East
TX100086,10,28.25,3,2024-05-18,West
TX100087,7,87.31,4,2024-03-30,West
TX100088,9,370.33,7,2024-01-03,East
TX100089,7,45.99,1,2024-01-02,East
TX100090,9,303.56,7,2024-03-05,West
TX100091,8,126.45,1,2024-06-15,East
TX100092,12,197.7,2,2024-02-11,South
TX100093,2,147.9,4,2024-04-24,North
TX100094,1,181.06,1,2024-02-09,West
TX100095,16,360.93,9,2024-02-27,East
TX100096,5,152.08,6,2024-06-01,South
TX100097,3,285.37,1,2024-05-11,West
TX100098,12,240.64,1,2024-01-18,East
TX100099,8,333.52,6,2024-03-18,West
TX100100,3,468.73,4,2024-01-06,East
TX100101,1,367.62,4,2024-03-27,West
TX100102,3,111.4,6,2024-04-29,South
TX100103,5,20.44,7,2024-01-22,South
TX100104,15,134.82,9,2024-02-21,North
TX100105,14,299.56,5,2024-03-12,West
TX100106,3,30.46,9,2024-06-14,North
TX100107,1,250.7,4,2024-06-27,West
TX100108,5,300.44,2,2024-01-09,East
TX100109,14,170.45,3,2024-05-16,East
TX100110,7,386.6,1,2024-03-07,North
TX100111,9,57.77,6,2024-03-11,West
TX100112,15,42.19,6,2024-05-15,North
TX100113,15,365.45,1,2024-06-14,South
TX100114,10,250.27,3,2024-06-20,North
TX100115,13,345.76,5,2024-04-13,North
TX100116,19,220.24,3,2024-03-05,East
TX100117,7,126.97,3,2024-05-21,North
TX100118,17,410.46,3,2024-02-15,West
TX100119,4,400.71,5,2024-04-11,East
TX100120,5,348.87,5,2024-03-05,North
TX100121,7,139.71,4,2024-04-28,South
TX100122,13,297.16,1,2024-02-13,North
TX100123,15,183.68,5,2024-02-04,North
TX100124,11,50.33,5,2024-06-14,North
TX100125,4,459.07,4,2024-01-19,East
TX100126,13,72.73,6,2024-04-01,West
TX100127,7,475.37,4,2024-02-09,South
TX100128,19,225.77,7,2024-01-08,North
TX100129,2,96.64,7,2024-01-07,West
TX100130,10,273.24,2,2024-02-01,West
TX100131,13,437.11,3,2024-06-05,East
TX100132,6,367.45,1,2024-02-20,South
TX100133,12,404.25,8,2024-06-20,East
TX100134,12,331.1,9,2024-04-14,West
TX100135,11,347.68,4,2024-03-19,West
TX100136,7,425.35,6,2024-04-14,West
TX100137,1,128.59,9,2024-04-03,East
TX100138,1,247.27,6,2024-05-16,South
TX100139,13,114.5,9,2024-02-20,North
TX100140,9,493.9,4,2024-03-04,East
TX100141,3,472.31,8,2024-06-09,West
TX100142,7,24.52,9,2024-06-19,East
TX100143,6,354.26,4,2024-06-09,West
TX100144,8,463.0,5,2024-03-16,North
TX100145,9,94.38,8,2024-05-20,North
TX100146,5,286.13,6,2024-03-26,South
TX100147,1,458.17,7,2024-03-30,West
TX100148,19,21.8,3,2024-02-06,South
TX100149,10,350.22,7,2024-04-16,South
TX100150,12,152.19,8,2024-02-03,North
TX100151,15,462.58,6,2024-02-29,East
TX100152,9,485.67,9,2024-06-02,East
TX100153,17,472.41,6,2024-02-07,South
TX100154,17,239.74,9,2024-01-13,North
TX100155,12,431.71,4,2024-01-13,West
TX100156,7,423.05,8,2024-06-18,East
TX100157,2,162.95,4,2024-04-01,South
TX100158,3,415.31,2,2024-03-14,East
TX100159,17,23.32,9,2024-05-25,East
TX100160,5,300.15,5,2024-05-30,West
TX100161,17,118.85,4,2024-02-29,North
TX100162,17,64.68,2,2024-05-04,West
TX100163,17,43.09,1,2024-05-18,North
TX100164,2,349.66,7,2024-04-27,East
TX100165,2,173.24,6,2024-01-28,South
TX100166,5,363.76,2,2024-06-06,West
TX100167,1,37.35,8,2024-04-07,North
TX100168,1,161.07,4,2024-02-20,East
TX100169,19,272.05,8,2024-03-17,North
TX100170,2,396.41,7,2024-01-07,North
TX100171,12,162.78,5,2024-01-24,North
TX100172,6,314.82,8,2024-05-17,East
TX100173,4,443.56,9,2024-01-01,South
TX100174,11,309.85,5,2024-03-15,South
TX100175,17,120.31,5,2024-04-04,South
TX100176,6,17.08,2,2024-01-10,North
TX100177,5,435.7,5,2024-06-24,East
TX100178,2,15.53,3,2024-02-10,North
TX100179,6,437.98,7,2024-02-24,South
TX100180,11,266.82,5,2024-02-24,South
TX100181,16,469.84,8,2024-02-11,East
TX100182,16,400.4,1,2024-01-01,North
TX100183,1,498.98,3,2024-05-11,West
TX100184,9,178.6,3,2024-06-23,West
TX100185,6,384.76,9,2024-02-10,South
TX100186,16,203.96,5,2024-04-29,East
TX100187,3,242.54,9,2024-05-13,North
TX100188,4,315.62,9,2024-06-01,North
TX100189,19,437.47,1,2024-03-17,South
TX100190,3,492.12,2,2024-02-24,South
TX100191,19,385.3,5,2024-02-28,North
TX100192,7,211.79,4,2024-05-08,North
TX100193,9,213.57,9,2024-05-27,South
TX100194,1,370.1,7,2024-02-02,North
TX100195,8,123.19,6,2024-03-07,West
TX100196,7,59.68,7,2024-06-11,South
TX100197,18,180.54,1,2024-05-25,North
TX100198,8,147.18,1,2024-06-26,South
TX100199,1,151.67,8,2024-05-15,East
TX100200,11,120.64,2,2024-03-11,South
TX100201,18,25.84,9,2024-04-16,South
TX100202,10,13.85,7,2024-04-28,East
TX100203,3,493.92,6,2024-01-15,West
TX100204,7,216.75,1,2024-04-08,North
TX100205,16,195.24,1,2024-05-07,East
TX100206,16,341.43,2,2024-01-31,South
TX100207,17,113.04,6,2024-05-20,North
TX100208,2,475.23,6,2024-04-15,East
TX100209,1,394.24,2,2024-06-20,North
TX100210,16,49.26,1,2024-01-08,North
TX100211,12,211.7,5,2024-02-17,East
TX100212,5,440.16,5,2024-04-18,North
TX100213,5,472.64,2,2024-02-23,West
TX100214,9,236.36,6,2024-05-08,East
TX100215,9,308.64,9,2024-05-16,West
TX100216,3,87.68,2,2024-01-19,South
TX100217,19,495.63,2,2024-04-02,North
TX100218,16,119.68,3,2024-04-01,South
TX100219,16,471.65,7,2024-03-07,South
TX100220,3,326.58,6,2024-06-16,North
TX100221,1,305.83,8,2024-05-28,East
TX100222,11,258.78,8,2024-05-05,North
TX100223,17,119.18,6,2024-05-08,South
TX100224,8,92.38,3,2024-03-24,South
TX100225,4,114.14,3,2024-06-14,East
TX100226,6,97.29,1,2024-05-05,North
TX100227,8,390.89,7,2024-05-11,South
TX100228,3,178.31,5,2024-06-04,West
TX100229,16,33.63,4,2024-02-19,South
TX100230,3,484.71,4,2024-05-25,South
TX100231,18,442.47,4,2024-02-05,East
TX100232,14,464.24,6,2024-03-03,West
TX100233,18,497.48,8,2024-03-01,South
TX100234,2,91.08,8,2024-06-25,South
TX100235,3,201.14,5,2024-06-03,West
TX100236,16,380.33,6,2024-05-06,North
TX100237,9,349.53,4,2024-05-10,North
TX100238,4,81.18,9,2024-04-11,South
TX100239,1,408.84,8,2024-06-19,South
TX100240,4,116.1,1,2024-03-30,North
TX100241,1,115.79,2,2024-03-09,East
TX100242,14,270.8,9,2024-01-30,West
TX100243,16,298.51,8,2024-05-21,West
TX100244,8,292.14,3,2024-05-12,East
TX100245,7,50.29,8,2024-03-10,East
TX100246,3,439.34,1,2024-01-05,East
TX100247,17,136.47,4,2024-05-31,East
TX100248,1,69.11,3,2024-01-03,East
TX100249,16,444.93,6,2024-05-06,East
TX100250,12,478.05,7,2024-06-23,West
TX100251,19,431.75,4,2024-03-19,East
TX100252,14,405.71,7,2024-02-12,North
TX100253,6,329.34,9,2024-05-06,East
TX100254,6,277.67,2,2024-05-27,East
TX100255,13,48.06,3,2024-04-08,West
TX100256,19,207.18,5,2024-06-23,West
TX100257,8,189.48,3,2024-01-10,East
TX100258,2,133.58,8,2024-03-31,West
TX100259,1,363.09,8,2024-05-09,South
TX100260,15,250.46,8,2024-06-04,West
TX100261,1,45.12,9,2024-02-02,West
TX100262,5,113.99,4,2024-05-24,West
TX100263,16,343.21,5,2024-04-09,West
TX100264,19,42.68,5,2024-03-12,North
TX100265,4,426.35,8,2024-01-24,North
TX100266,3,250.1,7,2024-06-04,North
TX100267,17,242.89,9,2024-01-29,East
TX100268,17,298.24,8,2024-02-25,East
TX100269,12,413.22,2,2024-02-22,South
TX100270,14,177.17,4,2024-06-05,North
TX100271,6,340.62,6,2024-05-01,East
TX100272,3,285.04,2,2024-05-23,West
TX100273,9,137.18,7,2024-02-15,West
TX100274,5,439.92,3,2024-04-22,North
TX100275,17,399.73,3,2024-04-12,South
TX100276,14,330.93,2,2024-05-29,South
TX100277,3,426.04,8,2024-06-12,West
TX100278,1,434.31,6,2024-01-03,South
TX100279,1,355.64,1,2024-05-01,North
TX100280,3,419.32,1,2024-01-10,West
TX100281,18,350.25,7,2024-04-08,East
TX100282,10,341.67,8,2024-02-21,East
TX100283,3,311.21,5,2024-02-25,South
TX100284,8,377.59,5,2024-03-04,West
TX100285,14,83.51,4,2024-04-21,West
TX100286,18,441.03,6,2024-03-01,East
TX100287,15,436.56,6,2024-05-11,West
TX100288,2,19.48,3,2024-03-13,West
TX100289,10,413.78,9,2024-01-13,West
TX100290,2,68.79,7,2024-05-21,South
TX100291,17,170.88,1,2024-02-21,West
TX100292,8,373.04,7,2024-03-18,North
TX100293,1,84.58,5,2024-05-03,South
TX100294,9,409.89,5,2024-02-29,West
TX100295,11,416.91,2,2024-01-11,West
TX100296,16,256.2,4,2024-03-08,North
TX100297,7,8.16,6,2024-06-19,South
TX100298,10,147.08,7,2024-04-25,East
TX100299,3,310.38,5,2024-04-30,East
TX100300,18,490.69,9,2024-04-23,South
TX100301,13,317.75,3,2024-02-05,West
TX100302,7,133.6,1,2024-03-16,West
TX100303,4,318.83,4,2024-05-15,East
TX100304,13,272.29,9,2024-01-19,East
TX100305,1,391.02,4,2024-02-20,East
TX100306,8,57.96,2,2024-02-19,North
TX100307,14,381.71,5,2024-03-18,East
TX100308,16,272.93,3,2024-06-25,North
TX100309,14,481.68,9,2024-01-13,South
TX100310,12,174.23,4,2024-04-03,West
TX100311,19,318.15,6,2024-02-02,East
TX100312,15,466.35,2,2024-06-23,West
TX100313,2,55.74,6,2024-01-21,West
TX100314,2,468.93,3,2024-03-13,East
TX100315,19,345.5,9,2024-05-12,East
TX100316,17,38.58,2,2024-05-06,South
TX100317,10,153.98,9,2024-03-17,North
TX100318,6,355.55,5,2024-03-03,North
TX100319,15,38.34,8,2024-03-12,West
TX100320,11,293.17,2,2024-02-17,East
TX100321,5,176.21,6,2024-02-06,South
TX100322,1,312.35,3,2024-03-27,South
TX100323,8,27.64,5,2024-02-18,South
TX100324,12,436.41,8,2024-02-21,South
TX100325,12,486.88,1,2024-04-28,South
TX100326,5,484.59,5,2024-06-23,North
TX100327,7,376.08,3,2024-04-18,North
TX100328,4,69.39,4,2024-01-14,North
TX100329,6,380.34,2,2024-01-14,East
TX100330,13,17.17,9,2024-06-20,West
TX100331,15,15.95,3,2024-02-23,South
TX100332,3,165.19,2,2024-01-17,East
TX100333,8,246.88,9,2024-04-17,South
TX100334,16,386.35,7,2024-04-22,North
TX100335,13,343.23,6,2024-04-26,East
TX100336,18,225.72,1,2024-02-18,North
TX100337,10,140.45,5,2024-01-03,South
TX100338,19,498.58,3,2024-06-22,South
TX100339,17,215.96,1,2024-02-15,West
TX100340,19,228.44,4,2024-05-01,South
TX100341,5,85.99,2,2024-05-07,North
TX100342,9,398.43,2,2024-04-19,South
TX100343,12,348.37,3,2024-02-26,West
TX100344,1,114.28,8,2024-02-18,West
TX100345,1,45.78,8,2024-04-17,North
TX100346,15,341.85,7,2024-06-04,East
TX100347,2,328.98,6,2024-06-19,South
TX100348,16,140.26,9,2024-01-20,West
TX100349,8,475.68,4,2024-01-28,South
TX100350,13,79.77,1,2024-06-19,South
TX100351,1,219.01,8,2024-05-12,East
TX100352,16,472.09,7,2024-06-07,West
TX100353,7,212.77,7,2024-02-06,South
TX100354,5,321.07,3,2024-04-15,West
TX100355,3,201.81,4,2024-05-06,North
TX100356,12,140.74,9,2024-05-02,North
TX100357,16,492.07,6,2024-03-14,South
TX100358,19,207.62,5,2024-01-03,West
TX100359,5,447.58,3,2024-04-14,South
TX100360,14,118.83,9,2024-02-15,West
TX100361,5,110.49,5,2024-03-22,West
TX100362,15,20.41,5,2024-06-21,East
TX100363,17,327.58,4,2024-03-12,East
TX100364,14,187.42,4,2024-05-31,East
TX100365,5,432.86,1,2024-02-03,South
TX100366,12,239.24,7,2024-05-01,East
TX100367,16,484.26,9,2024-06-24,East
TX100368,16,96.84,3,2024-01-19,North
TX100369,7,434.97,2,2024-01-02,West
TX100370,4,389.42,3,2024-03-19,West
TX100371,1,386.61,1,2024-01-17,East
TX100372,5,423.17,6,2024-05-14,West
TX100373,10,381.71,7,2024-06-13,North
TX100374,5,314.98,2,2024-03-19,North
TX100375,4,69.97,8,2024-02-16,East
TX100376,2,21.1,6,2024-03-19,North
TX100377,10,460.82,4,2024-05-10,West
TX100378,19,310.24,5,2024-01-02,South
TX100379,1,399.29,8,2024-04-16,West
TX100380,5,243.35,3,2024-04-20,South
TX100381,13,63.07,3,2024-04-24,East
TX100382,4,66.97,4,2024-02-13,South
TX100383,16,344.35,1,2024-05-08,North
TX100384,16,218.0,9,2024-01-17,West
TX100385,2,104.26,8,2024-02-05,South
TX100386,17,248.34,8,2024-06-06,West
TX100387,12,36.78,6,2024-05-12,East
TX100388,18,293.08,7,2024-01-03,East
TX100389,3,138.15,6,2024-02-14,North
TX100390,1,399.79,9,2024-02-08,East
TX100391,1,158.63,3,2024-02-18,South
TX100392,19,230.33,3,2024-02-14,East
TX100393,11,10.75,3,2024-01-12,North
TX100394,5,40.86,3,2024-03-23,West
TX100395,12,199.28,9,2024-05-11,West
TX100396,3,242.57,4,2024-04-19,East
TX100397,1,302.01,7,2024-05-01,South
TX100398,1,149.37,9,2024-01-15,North
TX100399,8,349.02,7,2024-06-20,South
TX100400,10,430.76,9,2024-05-30,North
TX100401,11,391.03,3,2024-05-24,East
TX100402,12,24.61,4,2024-05-28,North
TX100403,13,242.85,8,2024-06-16,North
TX100404,12,56.94,6,2024-04-07,East
TX100405,14,124.81,5,2024-02-06,South
TX100406,2,493.4,4,2024-04-21,East
TX100407,19,75.54,8,2024-05-13,North
TX100408,18,251.95,1,2024-05-12,East
TX100409,3,310.99,9,2024-04-03,North
TX100410,17,352.72,1,2024-01-13,East
TX100411,8,282.03,8,2024-03-07,West
TX100412,10,9.84,4,2024-06-14,West
TX100413,2,166.6,9,2024-04-15,East
TX100414,19,261.27,5,2024-04-06,South
TX100415,9,48.49,3,2024-02-18,North
TX100416,7,178.56,9,2024-03-07,West
TX100417,4,21.44,9,2024-06-10,South
TX100418,18,43.9,4,2024-04-29,North
TX100419,13,201.48,4,2024-05-21,West
TX100420,11,70.69,8,2024-03-22,West
TX100421,4,285.93,2,2024-04-23,East
TX100422,4,346.29,9,2024-02-14,North
TX100423,10,401.29,6,2024-05-06,South
TX100424,5,104.07,9,2024-03-17,South
TX100425,9,87.9,8,2024-03-20,South
TX100426,3,56.76,7,2024-04-26,North
TX100427,17,320.03,1,2024-06-17,South
TX100428,3,354.71,3,2024-01-12,South
TX100429,16,20.64,2,2024-05-28,South
TX100430,4,468.43,5,2024-02-22,East
TX100431,18,30.73,5,2024-03-20,East
TX100432,17,272.94,5,2024-01-04,North
TX100433,7,355.98,4,2024-02-24,North
TX100434,5,436.13,5,2024-03-31,South
TX100435,12,358.47,3,2024-01-11,East
TX100436,17,401.86,1,2024-03-29,West
TX100437,13,173.03,5,2024-06-15,West
TX100438,3,408.34,9,2024-01-19,South
TX100439,9,44.66,9,2024-05-17,South
TX100440,17,447.93,4,2024-03-14,East
TX100441,17,276.06,3,2024-04-27,East
TX100442,16,409.56,1,2024-02-16,East
TX100443,13,228.9,2,2024-01-29,North
TX100444,19,323.57,8,2024-01-29,North
TX100445,17,265.57,1,2024-01-13,South
TX100446,4,367.14,8,2024-02-03,North
TX100447,12,45.41,7,2024-04-29,East
TX100448,9,34.87,8,2024-06-07,East
TX100449,19,127.32,6,2024-05-26,North
TX100450,12,83.97,9,2024-05-03,West
TX100451,9,436.53,3,2024-01-20,South
TX100452,7,113.51,4,2024-02-22,West
TX100453,14,488.05,6,2024-02-25,South
TX100454,19,171.76,8,2024-02-14,West
TX100455,15,95.15,5,2024-04-02,North
TX100456,16,395.9,3,2024-04-06,South
TX100457,5,331.06,6,2024-03-05,South
TX100458,3,251.61,4,2024-03-04,South
TX100459,12,279.9,9,2024-05-29,East
TX100460,4,361.0,3,2024-05-22,East
TX100461,16,118.09,4,2024-02-25,West
TX100462,7,498.19,7,2024-06-13,North
TX100463,13,487.52,7,2024-06-20,East
TX100464,10,326.91,4,2024-02-28,South
TX100465,7,103.77,6,2024-03-04,East
TX100466,14,341.71,3,2024-04-01,North
TX100467,5,40.74,6,2024-06-18,East
TX100468,3,20.17,2,2024-06-06,South
TX100469,11,132.55,8,2024-01-19,West
TX100470,11,234.0,2,2024-03-11,South
TX100471,18,434.79,7,2024-04-09,North
TX100472,15,364.95,9,2024-03-31,West
TX100473,12,372.64,1,2024-02-04,East
TX100474,9,215.62,8,2024-06-03,East
TX100475,10,176.24,7,2024-05-01,East
TX100476,12,188.66,6,2024-05-30,West
TX100477,17,493.89,6,2024-06-03,South
TX100478,6,24.85,6,2024-05-14,West
TX100479,7,434.18,9,2024-03-20,West
TX100480,14,291.44,2,2024-04-19,North
TX100481,13,222.11,1,2024-01-29,West
TX100482,8,364.0,6,2024-05-01,East
TX100483,10,245.9,8,2024-02-02,South
TX100484,9,437.34,3,2024-05-04,South
TX100485,18,450.85,1,2024-02-11,South
TX100486,2,213.75,9,2024-01-22,East
TX100487,5,142.03,1,2024-01-30,East
TX100488,5,298.21,3,2024-01-01,East
TX100489,6,456.62,8,2024-05-09,East
TX100490,19,109.28,3,2024-05-11,East
TX100491,8,313.37,4,2024-04-02,West
TX100492,16,317.62,8,2024-01-30,East
TX100493,13,367.89,1,2024-01-16,East
TX100494,1,70.13,6,2024-01-04,East
TX100495,17,359.33,1,2024-01-30,East
TX100496,7,454.97,1,2024-06-09,South
TX100497,13,93.94,8,2024-02-13,East
TX100498,4,122.58,4,2024-03-04,West
TX100499,4,485.84,1,2024-01-19,West
TX100500,6,94.58,7,2024-02-10,West
TX100501,19,427.92,5,2024-04-03,North
TX100502,12,248.68,5,2024-04-19,South
TX100503,7,127.38,1,2024-02-14,East
TX100504,10,436.02,6,2024-01-11,North
TX100505,19,225.43,9,2024-03-11,East
TX100506,7,259.83,9,2024-02-12,North
TX100507,3,182.82,8,2024-02-09,North
TX100508,13,298.51,5,2024-06-21,West
TX100509,13,85.94,1,2024-04-20,West
TX100510,18,198.59,9,2024-04-10,North
TX100511,8,484.86,1,2024-03-15,West
TX100512,9,132.78,8,2024-03-18,North
TX100513,7,330.08,5,2024-04-07,South
TX100514,1,165.97,3,2024-05-05,West
TX100515,3,387.87,7,2024-05-06,West
TX100516,13,69.78,7,2024-01-31,West
TX100517,17,485.06,9,2024-03-31,South
TX100518,1,229.63,7,2024-03-15,North
TX100519,6,121.84,3,2024-06-05,East
TX100520,6,41.38,1,2024-04-23,West
TX100521,12,89.03,8,2024-04-05,North
TX100522,13,262.29,3,2024-01-21,South
TX100523,13,171.82,8,2024-04-19,East
TX100524,15,415.3,8,2024-01-22,West
TX100525,16,218.29,5,2024-03-01,South
TX100526,11,128.11,1,2024-01-26,South
TX100527,5,310.49,7,2024-05-04,East
TX100528,4,354.85,5,2024-02-07,North
TX100529,3,87.69,8,2024-03-11,West
TX100530,19,87.97,9,2024-06-10,West
TX100531,18,23.15,7,2024-02-06,North
TX100532,15,369.52,7,2024-04-01,North
TX100533,9,333.58,1,2024-03-16,North
TX100534,17,239.94,4,2024-01-04,East
TX100535,14,422.86,2,2024-05-22,East
TX100536,15,403.81,2,2024-01-13,West
TX100537,1,294.75,2,2024-03-26,East
TX100538,3,434.79,4,2024-04-10,South
TX100539,16,106.89,1,2024-04-23,West
TX100540,11,60.4,4,2024-05-03,East
TX100541,12,138.53,2,2024-02-15,North
TX100542,10,33.26,5,2024-01-02,South
TX100543,16,267.93,3,2024-05-10,North
TX100544,8,468.62,8,2024-04-06,West
TX100545,6,24.48,4,2024-05-30,North
TX100546,12,65.44,1,2024-05-27,East
TX100547,8,228.84,1,2024-05-31,East
TX100548,4,467.27,3,2024-03-28,West
TX100549,8,161.5,9,2024-03-01,North
TX100550,18,256.08,7,2024-05-22,West
TX100551,5,25.58,2,2024-03-22,North
TX100552,9,78.43,9,2024-02-03,South
TX100553,4,493.38,2,2024-06-02,East
TX100554,17,482.73,3,2024-06-07,West
TX100555,9,7.45,2,2024-03-24,South
TX100556,1,476.15,3,2024-01-14,South
TX100557,13,321.36,6,2024-03-10,West
TX100558,16,434.62,9,2024-05-24,West
TX100559,13,230.1,9,2024-06-11,South
TX100560,14,260.22,7,2024-02-06,North
TX100561,3,246.98,3,2024-01-13,South
TX100562,6,335.1,4,2024-06-06,West
TX100563,18,74.13,6,2024-03-11,South
TX100564,19,19.84,5,2024-04-07,North
TX100565,5,157.43,2,2024-06-23,East
TX100566,15,353.82,6,2024-01-12,East
TX100567,2,104.92,3,2024-04-26,South
TX100568,10,338.35,8,2024-01-14,North
TX100569,18,485.11,2,2024-03-08,East
TX100570,13,51.48,1,2024-05-24,South
TX100571,5,337.94,9,2024-03-19,South
TX100572,1,224.66,3,2024-06-28,North
TX100573,1,434.73,1,2024-04-10,West
TX100574,18,92.69,7,2024-02-27,South
TX100575,15,347.85,5,2024-02-09,West
TX100576,17,419.87,5,2024-03-04,West
TX100577,11,472.58,1,2024-03-08,East
TX100578,17,343.21,9,2024-01-13,West
TX100579,13,251.1,7,2024-03-07,North
TX100580,1,310.83,8,2024-03-24,East
TX100581,2,435.11,9,2024-05-10,East
TX100582,9,287.45,6,2024-04-28,East
TX100583,3,20.04,5,2024-05-07,South
TX100584,1,465.82,6,2024-01-02,South
TX100585,16,346.32,2,2024-02-09,West
TX100586,6,339.87,4,2024-04-29,East
TX100587,17,111.76,3,2024-03-28,East
TX100588,5,331.15,7,2024-01-01,North
TX100589,5,199.96,9,2024-05-24,West
TX100590,6,327.36,5,2024-05-19,North
TX100591,3,57.76,6,2024-04-08,West
TX100592,5,330.63,2,2024-01-12,West
TX100593,5,499.71,3,2024-05-17,South
TX100594,10,28.86,3,2024-04-15,South
TX100595,10,488.7,9,2024-05-20,North
TX100596,19,206.42,7,2024-05-15,West
TX100597,17,436.02,8,2024-05-24,East
TX100598,14,392.28,9,2024-04-03,South
TX100599,9,285.67,6,2024-01-26,East
TX100600,14,370.53,4,2024-04-30,North
TX100601,1,439.87,1,2024-04-21,South
TX100602,19,205.05,8,2024-05-13,South
TX100603,13,166.88,7,2024-01-31,West
TX100604,13,335.46,2,2024-02-05,North
TX100605,4,404.88,8,2024-06-09,West
TX100606,1,382.33,5,2024-05-14,South
TX100607,17,399.92,7,2024-06-12,North
TX100608,8,220.61,4,2024-05-16,South
TX100609,2,409.83,5,2024-04-17,North
TX100610,8,64.5,8,2024-04-27,South
TX100611,7,274.52,1,2024-06-09,East
TX100612,2,7.85,1,2024-04-14,East
TX100613,3,165.67,4,2024-04-23,West
TX100614,18,186.4,3,2024-01-29,East
TX100615,12,201.11,2,2024-03-26,South
TX100616,1,349.26,3,2024-05-08,South
TX100617,12,197.34,1,2024-02-18,East
TX100618,5,227.1,1,2024-02-06,West
TX100619,17,122.58,6,2024-02-26,East
TX100620,16,189.76,5,2024-02-13,North
TX100621,15,117.5,8,2024-02-08,North
TX100622,15,41.23,2,2024-03-17,North
TX100623,5,303.71,4,2024-06-12,East
TX100624,14,335.77,8,2024-04-01,East
TX100625,2,311.65,6,2024-02-03,East
TX100626,11,234.43,1,2024-01-14,North
TX100627,19,192.99,4,2024-05-05,West
TX100628,7,432.35,1,2024-03-09,South
TX100629,6,261.95,2,2024-05-27,East
TX100630,2,242.2,5,2024-04-28,West
TX100631,6,17.69,8,2024-05-23,South
TX100632,18,173.92,8,2024-02-18,South
TX100633,2,193.2,3,2024-05-04,South
TX100634,18,202.42,4,2024-02-17,West
TX100635,15,292.19,6,2024-06-18,West
TX100636,19,269.13,3,2024-04-24,North
TX100637,2,305.91,2,2024-02-28,West
TX100638,6,383.62,6,2024-02-18,West
TX100639,1,407.43,5,2024-02-04,West
TX100640,15,360.47,5,2024-05-05,South
TX100641,10,477.98,5,2024-02-09,East
TX100642,19,14.03,5,2024-04-17,North
TX100643,17,101.91,3,2024-02-17,East
TX100644,5,8.74,7,2024-04-29,East
TX100645,4,325.5,6,2024-05-26,West
TX100646,10,449.53,4,2024-05-20,North
TX100647,17,125.52,2,2024-05-16,East
TX100648,10,463.88,9,2024-02-03,East
TX100649,17,34.83,1,2024-01-16,North
TX100650,5,467.55,4,2024-05-05,West
TX100651,2,179.05,1,2024-03-07,East
TX100652,6,55.2,6,2024-03-18,South
TX100653,2,245.51,4,2024-01-06,East
TX100654,13,132.1,5,2024-02-16,South
TX100655,11,146.01,5,2024-01-07,West
TX100656,11,157.11,9,2024-06-07,East
TX100657,16,402.5,1,2024-02-13,North
TX100658,11,271.88,2,2024-04-10,North
TX100659,19,159.1,6,2024-01-08,East
TX100660,15,307.12,5,2024-04-30,West
TX100661,16,359.49,7,2024-02-28,West
TX100662,11,139.95,3,2024-06-10,North
TX100663,16,209.71,3,2024-06-08,East
TX100664,8,65.33,2,2024-02-28,West
TX100665,4,94.67,3,2024-06-11,North
TX100666,8,342.15,1,2024-06-28,South
TX100667,4,94.81,5,2024-05-28,East
TX100668,3,264.96,5,2024-06-01,South
TX100669,3,355.98,7,2024-02-14,South
TX100670,18,57.9,4,2024-04-13,West
TX100671,19,285.82,3,2024-01-13,West
TX100672,19,132.0,1,2024-01-18,West
TX100673,5,481.65,8,2024-06-28,East
TX100674,18,244.36,3,2024-02-28,South
TX100675,10,403.97,2,2024-05-14,East
TX100676,6,277.36,4,2024-05-25,West
TX100677,1,26.49,3,2024-06-03,South
TX100678,5,318.41,1,2024-06-28,East
TX100679,9,475.94,3,2024-02-13,East
TX100680,12,302.8,2,2024-01-08,North
TX100681,14,410.5,8,2024-03-15,East
TX100682,2,442.68,6,2024-01-24,West
TX100683,17,117.9,9,2024-01-05,East
TX100684,14,109.96,8,2024-03-05,South
TX100685,13,307.44,3,2024-05-21,East
TX100686,9,208.46,5,2024-04-11,North
TX100687,15,420.73,7,2024-02-26,South
TX100688,15,450.51,5,2024-04-27,South
TX100689,11,179.94,8,2024-02-11,North
TX100690,16,122.25,5,2024-01-03,West
TX100691,17,391.36,1,2024-05-17,South
TX100692,4,141.03,5,2024-04-22,West
TX100693,1,412.19,4,2024-05-17,South
TX100694,8,214.75,6,2024-01-08,South
TX100695,17,335.44,3,2024-05-30,West
TX100696,3,52.29,5,2024-04-21,South
TX100697,15,313.81,2,2024-04-11,West
TX100698,15,228.63,6,2024-04-22,North
TX100699,14,295.37,6,2024-06-04,West
TX100700,14,88.17,5,2024-04-15,North
TX100701,2,369.75,6,2024-04-14,South
TX100702,13,432.08,7,2024-06-27,West
TX100703,14,112.29,5,2024-05-16,South
TX100704,19,52.38,1,2024-03-20,West
TX100705,7,16.7,8,2024-05-07,North
TX100706,3,322.78,4,2024-03-11,North
TX100707,15,305.51,9,2024-02-11,West
TX100708,14,275.62,6,2024-04-17,North
TX100709,11,119.81,1,2024-06-16,South
TX100710,15,198.5,3,2024-06-16,South
TX100711,13,299.27,3,2024-03-02,East
TX100712,18,250.9,4,2024-04-04,North
TX100713,6,493.95,6,2024-02-08,South
TX100714,3,72.54,7,2024-06-28,West
TX100715,19,349.1,4,2024-06-25,North
TX100716,15,205.14,6,2024-04-26,South
TX100717,5,216.96,1,2024-05-24,North
TX100718,10,360.21,8,2024-05-08,West
TX100719,7,347.76,7,2024-04-16,South
TX100720,17,495.67,9,2024-01-10,East
TX100721,7,68.56,3,2024-03-22,East
TX100722,12,56.53,2,2024-05-01,North
TX100723,17,363.55,1,2024-05-01,West
TX100724,13,291.3,3,2024-03-08,South
TX100725,4,140.71,5,2024-06-18,West
TX100726,10,44.31,2,2024-01-31,South
TX100727,3,47.4,3,2024-03-31,North
TX100728,9,447.62,4,2024-05-04,South
TX100729,13,99.97,7,2024-05-05,West
TX100730,18,165.07,3,2024-04-26,West
TX100731,15,117.19,9,2024-02-19,North
TX100732,4,180.72,8,2024-01-29,West
TX100733,15,39.36,4,2024-04-24,South
TX100734,2,261.93,1,2024-04-17,North
TX100735,15,38.47,1,2024-02-02,South
TX100736,8,401.18,1,2024-05-06,West
TX100737,8,120.69,1,2024-03-22,North
TX100738,17,272.31,8,2024-04-30,South
TX100739,12,440.64,3,2024-05-30,West
TX100740,19,327.18,6,2024-01-31,West
TX100741,10,268.81,3,2024-01-04,East
TX100742,9,165.55,5,2024-05-20,West
TX100743,5,169.84,7,2024-04-19,South
TX100744,6,336.4,2,2024-05-05,North
TX100745,2,497.1,6,2024-05-30,East
TX100746,13,332.61,6,2024-05-24,West
TX100747,6,281.1,3,2024-06-21,West
TX100748,5,366.67,6,2024-04-06,West
TX100749,1,235.28,5,2024-03-28,South
TX100750,6,34.77,2,2024-03-13,East
TX100751,6,283.34,9,2024-01-28,South
TX100752,16,479.02,8,2024-04-13,East
TX100753,4,91.77,3,2024-02-19,North
TX100754,11,346.55,8,2024-06-14,South
TX100755,9,104.46,9,2024-04-14,South
TX100756,3,270.23,3,2024-04-16,North
TX100757,19,52.85,3,2024-03-04,East
TX100758,8,227.93,2,2024-01-10,West
TX100759,5,379.3,8,2024-01-06,North
TX100760,4,177.05,1,2024-03-17,West
TX100761,6,334.13,8,2024-01-16,West
TX100762,2,398.75,7,2024-04-19,North
TX100763,11,463.95,7,2024-06-07,East
TX100764,4,121.15,3,2024-06-07,West
TX100765,15,202.66,1,2024-04-28,North
TX100766,6,80.45,4,2024-02-08,South
TX100767,17,496.28,9,2024-06-04,South
TX100768,6,463.87,5,2024-06-08,South
TX100769,19,272.28,1,2024-02-05,North
TX100770,2,421.81,5,2024-05-12,South
TX100771,15,262.87,8,2024-02-21,West
TX100772,11,313.67,8,2024-05-24,South
TX100773,8,49.12,5,2024-06-28,South
TX100774,19,378.86,9,2024-01-06,West
TX100775,13,68.22,1,2024-06-10,South
TX100776,12,413.9,4,2024-04-22,West
TX100777,5,392.1,3,2024-06-24,South
TX100778,6,355.83,2,2024-03-24,West
TX100779,4,22.9,8,2024-06-01,South
TX100780,19,155.05,7,2024-01-12,West
TX100781,1,135.24,9,2024-03-01,North
TX100782,17,183.27,2,2024-01-13,West
TX100783,12,48.38,4,2024-06-24,South
TX100784,15,468.79,6,2024-05-27,South
TX100785,1,279.13,3,2024-06-02,East
TX100786,14,156.23,8,2024-06-17,West
TX100787,6,201.51,3,2024-01-16,North
TX100788,5,226.37,2,2024-03-10,West
TX100789,11,302.29,3,2024-01-13,West
TX100790,4,260.26,6,2024-02-07,North
TX100791,13,460.1,2,2024-02-11,West
TX100792,11,251.0,8,2024-03-25,North
TX100793,3,496.12,1,2024-02-18,North
TX100794,1,426.46,7,2024-01-19,West
TX100795,6,108.21,2,2024-01-31,West
TX100796,18,465.64,6,2024-01-27,South
TX100797,10,62.6,2,2024-06-24,South
TX100798,5,409.64,2,2024-05-16,East
TX100799,10,193.41,8,2024-06-23,East
TX100800,12,439.6,2,2024-03-20,West
TX100801,2,434.69,7,2024-02-20,North
TX100802,13,403.93,3,2024-05-23,East
TX100803,8,396.07,8,2024-02-28,West
TX100804,2,155.82,7,2024-02-23,East
TX100805,1,45.06,8,2024-02-11,North
TX100806,5,204.48,7,2024-01-24,West
TX100807,9,90.89,6,2024-02-16,North
TX100808,17,349.0,7,2024-03-04,West
TX100809,9,176.32,5,2024-05-01,East
TX100810,11,487.93,7,2024-01-12,South
TX100811,15,322.28,1,2024-02-07,East
TX100812,6,412.13,1,2024-05-25,East
TX100813,3,70.6,9,2024-01-27,South
TX100814,17,431.7,5,2024-03-02,South
TX100815,5,461.76,5,2024-06-04,West
TX100816,12,246.1,3,2024-01-28,West
TX100817,18,305.1,5,2024-01-15,North
TX100818,14,383.58,3,2024-03-28,North
TX100819,11,91.55,9,2024-02-24,East
TX100820,9,253.77,9,2024-04-11,South
TX100821,2,202.34,6,2024-05-24,North
TX100822,12,77.46,1,2024-01-25,East
TX100823,3,186.93,7,2024-04-14,South
TX100824,3,38.75,7,2024-03-31,West
TX100825,1,17.78,4,2024-01-26,East
TX100826,8,71.91,8,2024-04-22,West
TX100827,8,481.74,6,2024-02-19,North
TX100828,11,277.02,4,2024-03-28,North
TX100829,9,483.08,4,2024-01-15,South
TX100830,5,219.09,2,2024-03-23,East
TX100831,14,159.35,2,2024-02-25,West
TX100832,3,255.54,4,2024-05-28,South
TX100833,5,222.56,5,2024-01-11,North
TX100834,5,57.3,8,2024-03-16,North
TX100835,19,322.21,6,2024-03-23,East
TX100836,14,111.94,4,2024-05-10,West
TX100837,4,311.7,7,2024-04-13,East
TX100838,13,326.85,8,2024-04-30,West
TX100839,10,80.25,2,2024-05-19,West
TX100840,18,35.37,7,2024-06-04,East
TX100841,8,391.48,2,2024-02-26,South
TX100842,8,232.6,2,2024-04-06,East
TX100843,7,33.79,8,2024-05-31,East
TX100844,8,497.46,2,2024-06-27,North
TX100845,14,33.6,9,2024-06-09,North
TX100846,19,349.04,1,2024-03-07,East
TX100847,6,491.92,9,2024-02-05,East
TX100848,1,123.39,1,2024-03-29,North
TX100849,15,75.41,2,2024-05-13,West
TX100850,1,65.09,6,2024-03-29,East
TX100851,17,155.12,6,2024-03-27,South
TX100852,1,55.02,1,2024-05-30,South
TX100853,15,347.62,7,2024-03-06,South
TX100854,2,35.83,8,2024-06-03,East
TX100855,14,257.16,2,2024-03-14,West
TX100856,8,498.36,8,2024-02-29,West
TX100857,8,407.92,9,2024-03-22,North
TX100858,19,309.53,6,2024-05-17,East
TX100859,7,156.6,5,2024-01-23,West
TX100860,19,313.83,9,2024-02-05,East
TX100861,6,265.89,9,2024-06-20,North
TX100862,6,215.91,1,2024-02-01,North
TX100863,3,69.7,3,2024-04-12,North
TX100864,7,443.87,9,2024-04-14,South
TX100865,19,227.64,2,2024-03-29,East
TX100866,8,101.34,4,2024-04-26,North
TX100867,10,187.04,4,2024-02-11,East
TX100868,15,209.99,2,2024-04-09,South
TX100869,15,414.63,3,2024-03-07,South
TX100870,1,368.14,3,2024-04-29,North
TX100871,7,385.81,1,2024-01-26,North
TX100872,4,10.46,6,2024-04-12,West
TX100873,6,211.0,8,2024-02-03,East
TX100874,1,243.27,3,2024-02-20,North
TX100875,5,14.5,5,2024-02-09,West
TX100876,1,133.61,1,2024-02-02,East
TX100877,4,381.34,7,2024-05-28,North
TX100878,2,72.87,1,2024-02-21,West
TX100879,10,269.98,9,2024-06-15,West
TX100880,5,111.52,8,2024-06-23,East
TX100881,10,11.0,7,2024-04-12,West
TX100882,1,124.39,7,2024-01-26,East
TX100883,6,488.06,5,2024-03-08,East
TX100884,13,401.76,5,2024-05-23,East
TX100885,15,479.99,5,2024-03-07,South
TX100886,4,246.49,1,2024-01-16,West
TX100887,13,59.32,8,2024-04-10,East
TX100888,15,276.24,1,2024-06-01,North
TX100889,8,229.92,4,2024-05-23,South
TX100890,5,422.96,9,2024-02-01,South
TX100891,15,53.55,9,2024-05-01,West
TX100892,4,246.68,5,2024-02-09,East
TX100893,12,79.27,4,2024-02-09,West
TX100894,13,165.71,3,2024-06-06,South
TX100895,2,369.99,3,2024-02-14,East
TX100896,19,240.63,5,2024-02-17,North
TX100897,19,191.06,1,2024-01-01,East
TX100898,4,200.27,5,2024-06-05,South
TX100899,4,232.43,6,2024-05-22,North
TX100900,11,393.58,7,2024-04-22,East
TX100901,5,446.58,9,2024-05-15,North
TX100902,11,477.89,3,2024-01-28,North
TX100903,10,394.52,2,2024-03-23,South
TX100904,8,161.13,3,2024-03-04,North
TX100905,6,345.63,9,2024-01-17,West
TX100906,6,221.61,7,2024-03-28,South
TX100907,8,131.06,9,2024-06-14,West
TX100908,15,421.23,2,2024-01-08,North
TX100909,14,24.02,5,2024-02-22,West
TX100910,11,451.37,4,2024-02-07,East
TX100911,12,233.43,2,2024-02-12,North
TX100912,13,320.41,9,2024-06-12,East
TX100913,8,331.38,9,2024-03-25,West
TX100914,18,448.08,6,2024-03-24,East
TX100915,1,320.15,6,2024-05-16,North
TX100916,15,308.9,8,2024-01-28,East
TX100917,8,37.99,6,2024-03-28,West
TX100918,11,261.61,1,2024-03-18,West
TX100919,12,79.33,4,2024-04-17,West
TX100920,12,370.03,7,2024-06-28,North
TX100921,4,258.55,2,2024-05-18,West
TX100922,16,341.71,9,2024-03-12,North
TX100923,4,25.63,8,2024-05-28,East
TX100924,5,46.97,8,2024-01-31,West
TX100925,5,359.58,7,2024-01-06,East
TX100926,8,40.68,4,2024-02-06,South
TX100927,10,40.27,2,2024-03-02,East
TX100928,17,10.99,3,2024-04-01,South
TX100929,9,478.47,6,2024-04-20,East
TX100930,19,370.07,5,2024-06-12,North
TX100931,14,179.86,8,2024-04-01,East
TX100932,8,151.79,6,2024-03-31,North
TX100933,9,178.1,6,2024-01-10,North
TX100934,11,388.45,1,2024-01-07,West
TX100935,1,332.38,4,2024-04-09,North
TX100936,14,96.67,5,2024-03-19,South
TX100937,5,91.18,3,2024-05-31,West
TX100938,14,53.71,9,2024-01-29,West
TX100939,4,331.85,1,2024-01-05,East
TX100940,1,383.36,6,2024-03-21,North
TX100941,19,136.2,6,2024-02-12,North
TX100942,8,15.37,5,2024-01-09,South
TX100943,15,45.67,5,2024-05-10,East
TX100944,15,484.09,5,2024-01-21,East
TX100945,9,151.25,6,2024-04-19,West
TX100946,9,385.77,8,2024-02-20,West
TX100947,10,314.21,2,2024-02-01,West
TX100948,9,194.06,6,2024-03-09,South
TX100949,3,106.82,1,2024-05-24,South
TX100950,11,65.09,4,2024-03-11,West
TX100951,6,309.43,3,2024-05-15,East
TX100952,2,388.44,9,2024-01-23,South
TX100953,7,323.73,3,2024-05-19,East
TX100954,18,267.5,6,2024-02-12,East
TX100955,2,25.77,1,2024-05-01,North
TX100956,17,484.4,6,2024-04-11,West
TX100957,11,400.36,4,2024-06-16,North
TX100958,12,149.95,8,2024-03-10,West
TX100959,19,490.09,9,2024-01-12,West
TX100960,7,302.93,4,2024-01-04,East
TX100961,6,293.3,6,2024-05-28,West
TX100962,1,375.3,1,2024-04-04,East
TX100963,17,406.83,4,2024-05-19,East
TX100964,11,329.96,7,2024-02-12,West
TX100965,18,68.41,1,2024-03-03,East
TX100966,17,172.44,8,2024-01-06,East
TX100967,7,464.4,6,2024-06-22,East
TX100968,17,116.18,5,2024-04-30,South
TX100969,9,189.22,9,2024-06-16,East
TX100970,17,218.88,2,2024-02-17,South
TX100971,8,222.51,5,2024-04-20,South
TX100972,17,308.41,6,2024-05-02,East
TX100973,7,471.82,7,2024-02-27,East
TX100974,1,124.14,5,2024-06-01,South
TX100975,13,65.14,9,2024-06-19,South
TX100976,19,102.75,1,2024-06-08,East
TX100977,19,444.03,7,2024-05-13,East
TX100978,17,324.68,7,2024-02-19,West
TX100979,13,146.52,4,2024-02-20,South
TX100980,16,408.89,9,2024-06-22,South
TX100981,8,431.38,5,2024-01-02,West
TX100982,19,424.02,4,2024-05-08,South
TX100983,18,459.87,7,2024-05-07,North
TX100984,1,129.86,4,2024-04-22,South
TX100985,14,378.75,3,2024-06-27,West
TX100986,19,232.97,9,2024-02-26,North
TX100987,15,421.79,8,2024-03-02,East
TX100988,18,365.6,1,2024-01-15,West
TX100989,2,389.34,7,2024-03-20,West
TX100990,17,329.8,9,2024-02-16,East
TX100991,18,92.83,8,2024-03-02,West
TX100992,6,274.79,8,2024-05-30,South
TX100993,19,492.41,6,2024-06-17,East
TX100994,4,469.01,4,2024-02-03,West
TX100995,1,26.37,8,2024-03-08,East
TX100996,8,86.58,3,2024-06-16,East
TX100997,7,70.21,9,2024-01-12,East
TX100998,3,364.36,2,2024-01-17,North
TX100999,10,409.8,2,2024-01-30,West
